##TPLAPIHEADER##
	<account>
		<user>##USERNAME##</user>
		<pwd>##PASSWORD##</pwd>
		<description>##DESCRIPTION##</description>
		<disabled>##DISABLEDVALUE##</disabled>
		<expdate>##EXPDATE##</expdate>
		<failban>##FAILBAN##</failban>
		<allowedtimeframe>##ALLOWEDTIMEFRAME##</allowedtimeframe>
		<group>##GROUPS##</group>
		<hostname>##DYNDNS##</hostname>
		<uniq>##UNIQVALUE##</uniq>
		<sleep>##SLEEP##</sleep>
		<monlevel>##MONVALUE##</monlevel>
		<au>##AUREADER##</au>
		<services>##SERVICES##</services>
		<caid>##CAIDS##</caid>
		<ident>##IDENTS##</ident>
		<chid>##CHIDS##</chid>
		<class>##CLASS##</class>
		<betatunnel>##BETATUNNELS##</betatunnel>
		<suppresscmd08>##SUPPRESSCMD08VALUE##</suppresscmd08>
		<sleepsend>##SLEEPSEND##</sleepsend>
		<numusers>##AC_USERS##</numusers>
		<penalty>##PENALTYVALUE##</penalty>
		<cccmaxhops>##CCCMAXHOPS##</cccmaxhops>
		<cccreshare>##CCCRESHARE##</cccreshare>
		<cccignorereshare>##CCCIGNORERESHARE##</cccignorereshare>
		<cccstealth>##CCCSTEALTH##</cccstealth>
		<keepalive>##KEEPALIVEVALUE##</keepalive>
    </account>
##TPLAPIFOOTER##
